{
  "generatedAt": "2026-06-22T20:55:02.249169Z",
  "sourceArchive": "data/a22756ef-76bc-4c8e-9407-5dea56a67a6b_1.zip",
  "totalRunSummaries": 639,
  "parsedRunActivities": 420,
  "uploadedFitFiles": 24958,
  "candidateGpsFiles": 1053,
  "skippedNonRunGps": 111,
  "skippedNoGps": 23905,
  "skippedNoTimestamp": 0,
  "skippedDuplicateMatches": 17,
  "skippedBeforeStartDate": 505,
  "pointCount": 288491,
  "runProgress": [
    0.0,
    0.0019567454514650877,
    0.003338289989987258,
    0.006015053557370991,
    0.007377408564837659,
    0.00808231287154341,
    0.009455252239188673,
    0.010746786690338397,
    0.011417763155141288,
    0.012108852251148295,
    0.012784999641359946,
    0.014155232291620292,
    0.01444676765804728,
    0.01481240919148967,
    0.016149222487217157,
    0.01954357907690877,
    0.020219429197581035,
    0.022247206423193683,
    0.02360852881015512,
    0.03846329108812441,
    0.03914006430894529,
    0.03980627663823542,
    0.04656016234421502,
    0.04724187962684881,
    0.04859351728513242,
    0.04926833478529946,
    0.051996690263531556,
    0.052662112481677535,
    0.05401590925556299,
    0.05673665306901033,
    0.057416093892803055,
    0.05942601930028743,
    0.060950480081309794,
    0.06315217563322734,
    0.06350707634883883,
    0.06454320150547933,
    0.06820931721434628,
    0.06920642183250134,
    0.07127535524355344,
    0.07245953627657245,
    0.07305137646083826,
    0.07442411243353551,
    0.0751555050207769,
    0.07639274084369335,
    0.07772191118310562,
    0.07835721530318243,
    0.08049481015494964,
    0.08190558098292283,
    0.08243156814133246,
    0.08310069840583811,
    0.0837842931802996,
    0.08447147083499892,
    0.08650976983772925,
    0.0899088279798727,
    0.09871406907966766,
    0.10609745432682346,
    0.11149787964287007,
    0.11214394022654302,
    0.11286021900457151,
    0.11484596388189178,
    0.11517986798056361,
    0.1154925798902304,
    0.11687395232533504,
    0.11890068128467722,
    0.11957836978276411,
    0.11991238340179255,
    0.12024595111651193,
    0.12092680788205803,
    0.12160579497865906,
    0.12467396083193759,
    0.12499957267503714,
    0.12637913802425763,
    0.1284060077954869,
    0.12906754986385563,
    0.129401219276049,
    0.12974371289983253,
    0.13040499681307496,
    0.13182022668413892,
    0.1325704880642486,
    0.13314084661285258,
    0.13413419624735226,
    0.13450698789550508,
    0.1351804129225666,
    0.13582760782421877,
    0.13861997795089243,
    0.13886483417675352,
    0.13920409695001687,
    0.1473258606185896,
    0.14801026897284308,
    0.14967843610750978,
    0.15001631423055023,
    0.15148707874530068,
    0.15149602812301266,
    0.15273858350610756,
    0.1530597128374685,
    0.15342717710256026,
    0.15411020080659082,
    0.15550463745566312,
    0.15622760479832776,
    0.1574967579823149,
    0.15905908933807827,
    0.161017062982114,
    0.1672305674256717,
    0.16896581577876518,
    0.17098738163558122,
    0.17166261374852687,
    0.17198526071911518,
    0.17230430134081784,
    0.17638862053141985,
    0.1770618186948855,
    0.17779648906994272,
    0.17780541497900687,
    0.17842254654276815,
    0.17910098603758612,
    0.17989769187178323,
    0.18044984657254126,
    0.18113510762099982,
    0.181445574363356,
    0.1817738068721317,
    0.1831412154617679,
    0.18461588359494344,
    0.18585678834980648,
    0.18617672078012726,
    0.18720783929189394,
    0.18788507406278912,
    0.18992835624174545,
    0.19090839915291635,
    0.19194072238860582,
    0.19261543819129884,
    0.19394018860203344,
    0.19463343681364229,
    0.19533946761544466,
    0.19564265125408592,
    0.19666474998219707,
    0.19732377308236368,
    0.2003708015068155,
    0.2006989479638824,
    0.20137655823314313,
    0.20209148365247917,
    0.20344398182785048,
    0.20433755841747372,
    0.204925260296836,
    0.20645435222436664,
    0.2224361650236149,
    0.22299219987415017,
    0.2271500306926888,
    0.23378870880639185,
    0.23449449709883313,
    0.23515038322307097,
    0.23679803875952019,
    0.23786490002195648,
    0.23851856444753156,
    0.23989069805826743,
    0.24190063128863443,
    0.24325366142002358,
    0.24394737900458935,
    0.2442752281921169,
    0.24531351246435923,
    0.24599245262366456,
    0.2480108423901388,
    0.2490068674504929,
    0.24938313245852697,
    0.25010812592778897,
    0.2527146400092867,
    0.27236043287044787,
    0.2730181339034525,
    0.2736942108877206,
    0.2743804732651539,
    0.2750393711991987,
    0.27572215239386816,
    0.27676146928661577,
    0.28787690149732087,
    0.2912474530552139,
    0.2919167554231371,
    0.29260729691736104,
    0.2932830375176767,
    0.29394281161457436,
    0.29464764551533656,
    0.2953180743783564,
    0.29598576523246084,
    0.2963194346446542,
    0.2966623272354511,
    0.2969682879974208,
    0.29731797867321047,
    0.2980166012051761,
    0.29869735627324817,
    0.30007649918680745,
    0.30071078633214426,
    0.301387989811509,
    0.3021104956040993,
    0.30278774602075975,
    0.3037515799191516,
    0.3040964516992502,
    0.3044316700422014,
    0.3047652925170991,
    0.30545311164817285,
    0.30578353456408086,
    0.30610535230911196,
    0.3068576554615842,
    0.30753246513886867,
    0.3082210822039692,
    0.3088875057510899,
    0.30916143963163234,
    0.3094980660934543,
    0.31021986000372664,
    0.3109082189137009,
    0.31357330291733987,
    0.3138942132079876,
    0.31424778403355447,
    0.3148961132531859,
    0.315581037917692,
    0.3171455675034702,
    0.31830719516590916,
    0.3186256803629461,
    0.31896223641882454,
    0.32100564376390267,
    0.32304681376455285,
    0.3233556142329119,
    0.323697364682847,
    0.32438715518033984,
    0.3250591173283523,
    0.3258001946442715,
    0.3271046524975018,
    0.3284407147964982,
    0.32912813496055865,
    0.3297973278081252,
    0.33128313572614504,
    0.3318082076072887,
    0.3324788320423739,
    0.33315931330955445,
    0.3338309938337927,
    0.334525595404094,
    0.336548240818711,
    0.33723828164844755,
    0.33755049289362693,
    0.37688331303021494,
    0.37952912145108963,
    0.3809203898327027,
    0.3842985765240284,
    0.38497960539299203,
    0.3863514495570711,
    0.38899074933960986,
    0.38966565289148564,
    0.3903474953402413,
    0.39374992514479196,
    0.39713228143255164,
    0.3998772214219283,
    0.4025575835153151,
    0.41608262002920643,
    0.4275891024960886,
    0.4288985904628406,
    0.47809529893491376,
    0.479147985134051,
    0.47949065086125203,
    0.47982849769276203,
    0.4805174980791107,
    0.48421968509971713,
    0.48894944686626546,
    0.48927134284012275,
    0.49335408180843643,
    0.49403389030771205,
    0.4947245726138231,
    0.502119019416997,
    0.5028179235727368,
    0.5034792857148054,
    0.5048437763692261,
    0.5055201584459161,
    0.5061813563074499,
    0.5064816689481713,
    0.5068487186004844,
    0.5075422327901022,
    0.5078760586599479,
    0.5082211807722902,
    0.5089176363657713,
    0.5103348532490195,
    0.5173383280248426,
    0.5264804615644684,
    0.5318435482617918,
    0.532248124282011,
    0.5332372886743114,
    0.5352811810381117,
    0.535934454319556,
    0.5366017931439427,
    0.5372775180984932,
    0.5379909649930149,
    0.5406795802275609,
    0.5409933482263808,
    0.5420254367755918,
    0.5433713793753314,
    0.5443331402098303,
    0.5447278359293061,
    0.5454177203013904,
    0.5467496130039528,
    0.5477895400815443,
    0.5497954914646601,
    0.5501329549749219,
    0.5504589970765653,
    0.5508146722575558,
    0.5521654181072212,
    0.5528923281827239,
    0.5535206542915079,
    0.556189274238089,
    0.5683921810069219,
    0.5690591130414127,
    0.5693857027448391,
    0.5704020360084627,
    0.5751496730617871,
    0.5778224234903891,
